<?xml version="1.0" encoding="utf-8"?>

<ModMetaData>
	<name>[D] Time Control</name>
	<author>Dametri</author>
	<url></url>
	<supportedVersions>
		<li>1.1</li>
		<li>1.2</li>
	</supportedVersions>
	<packageId>dame.timecontrol</packageId>
	<modDependencies>
		<li>
			<packageId>brrainz.harmony</packageId>
			<displayName>Harmony</displayName>
			<downloadUrl>https://github.com/pardeike/HarmonyRimWorld</downloadUrl>
		</li>
	</modDependencies>
	<loadAfter>
		<li>brrainz.harmony</li>
		<li>Ludeon.RimWorld</li>
		<li>Ludeon.RimWorld.Royalty</li>
	</loadAfter>
	<description>Gives you power over time itself.</description>
</ModMetaData>